"1";"Animal Friendship";"1st level Enchantment ";"1 action";"30 feet";"V, S, M";"24 hours";"(a morsel of food)This spell lets you convince a beast that you mean it no harm. Choose a beast that you can see within range. It must see and hear you. If the beast's Intelligence is 4 or higher, the spell fails. Otherwise, the beast must succeed on a Wisdom saving throw or be charmed by you for the spell's duration. If you or one of your companions harms the target, the spell ends.<br> <b>At Higher Levels</b>: When you cast this spell using a 2nd level spell slot or higher, you can affect one additional beast for each slot level above 1st. ";"Cleric (Nature)"
"1";"Charm Person";"1st level Enchantment ";"1 action";"30 feet";"V, S";"1 hour";"You attempt to charm a humanoid you can see within range. It must make a Wisdom saving throw, and does so with advantage if you or your companions are fighting it. If it fails the saving throw, it is charmed by you until the spell ends or until you or your companions do anything harmful to it. The charmed creature regards you as a friendly acquaintance. When the spell ends, the creature knows it was charmed by you.<br> <b>At Higher Levels</b>: When you cast this spell using a spell slot of 2nd level or higher, you can target one additional creature for each slot level above 1st. The creatures must be within 30 feet of each other when you target them. ";"Cleric (Trickery)"
"1";"Disguise Self";"1st level Illusion";"1 action";"Self";"V, S";"1 hour";"You make yourself, including your clothing, armor, weapons, and other belongings on your person, look different until the spell ends or until you use your action to dismiss it. You can seem 1 foot shorter or taller and can appear thin, fat, or in between. You can't change your body type, so you must adopt a form that has the same basic arrangement of limbs. Otherwise, the extent of the illusion is up to you.<br> The changes wrought by this spell fail to hold up to physical inspection. For example, if you use this spell to add a hat to your outfit, objects pass through the hat, and anyone who touches it would feel nothing or would feel your head and hair. If you use this spell to appear thinner than you are, the hand of someone who reaches out to touch you would bump into you while it was seemingly still in midair.<br> To discern that you are disguised, a creature can use its action to inspect your appearance and must succeed on an Intelligence (Investigation) check against your spell save DC. ";"Cleric (Trickery)"
"1";"Divine Favor";"1st level Evocation";"1 bonus action";"Self";"V, S";"Concentration, up to 1 minute";"Your prayer empowers you with divine radiance. Until the spell ends, your weapon attacks deal and extra 1d4 radiant damage on a hit.";"Cleric (War)"
"1";"False Life";"1st level Necromancy";"1 action";"Self";"V, S, M";"1 hour";"(a small amount of alcohol or distilled spirits)Bolstering yourself with a necromantic facsimile of life, you gain 1d4+4 temporary hit points for the duration.<br> <b>At Higher Levels</b>: When you cast this spell using a spell slot of 2nd level or higher, you gain 5 additional temporary hit points for each slot level above 1st. ";"Cleric (Death)(Grave)"
"1";"Fog Cloud";"1st level Conjuration";"1 action";"120 feet";"V, S";"Concentration, up to 1 hour";"You create a 20-foot-radius sphere of fog centered on a point within range. The sphere spreads around corners, and its area is heavily obscured. It lasts for the duration or until a wind of moderate or greater speed (at least 10 miles per hour) disperses it.<br> <b>At Higher Levels</b>: When you cast this spell using a spell slot of 2nd level or higher, the radius of the fog increases by 20 feet for each slot level above 1st. ";"Cleric (Tempest)"
"1";"Identify (ritual)";"1st level Divination";"1 minute";"Touch";"V, S, M";"Instantaneous";"(a pearl worth at least 100 gp and an owl feather)You choose one object that you must touch throughout the casting of the spell. If it is a magic item or some other magic-imbued object, you learn its properties and how to use them, whether it requires attunement to use, and how many charges it has, if any. You learn whether any spells are affecting the item and what they are. If the item was created by a spell, you learn which spell created it.<br> If you instead touch a creature throughout the casting, you learn what spells, if any, are currently affecting it. ";"Cleric (Knowledge)(Forge)"
"1";"Magic Missile";"1st level Evocation";"1 action";"120 feet";"V, S";"Instantaneous";"You create three glowing darts of magical force. Each dart hits a creature of your choice that you can see within range. A dart deals 1d4+1 force damage to its target. The darts all strike simultaneously and you can direct them to hit one creature or several.<br> <b>At Higher Levels</b>: When you cast this spell using a spell slot of 2nd level or higher, the spell creates one more dart for each slot above 1st. ";"Cleric (Arcana)"
"1";"Ray of Sickness";"1st level Necromancy";"1 action";"60 feet";"V, S";"Instantaneous";"A ray of sickening greenish energy lashes out toward a creature within range. Make a ranged spell attack against the target. On a hit, the target takes 2d8 poison damage and must make a Constitution saving throw. On a failed save, it is also poisoned until the end of your next turn.<br> <b>At Higher Levels</b>: When you cast this spell using a spell slot of 2nd level or higher, the damage increases by 1d8 for each slot level above 1st. ";"Cleric (Death)"
"1";"Speak with Animals (ritual)";"1st level Divination";"1 action";"Self";"V, S";"10 minutes";"You gain the ability to comprehend and verbally communicate with beasts for the duration. The knowledge and awareness of many beasts is limited by their intelligence, but at minimum, beasts can give you information about nearby locations and monsters, including whatever they can perceive or have perceived within the past day. You might be able to persuade a beast to perform a small favor for you, at the DM's discretion.";"Cleric (Nature)"
"1";"Thunderwave";"1st level Evocation";"1 action";"Self (15-foot cube)";"V, S";"Instantaneous";"A wave of thunderous force sweeps out from you. Each creature in a 15-foot cube originating from you must make a Constitution saving throw. On a failed save, a creature takes 2d8 thunder damage and is pushed 10 feet away from you. On a successful save, the creature takes half as much damage and isn't pushed.<br> In addition, unsecured objects that are completely within the area of effect are automatically pushed 10 feet away from you by the spell's effect, and the spell emits a thunderous boom audible out to 300 feet.<br> <b>At Higher Levels</b>: When you cast this spell using a spell slot of 2nd level or higher, the damage increases by 1d8 for each slot level above 1st. ";"Cleric (Tempest)"
"1";"Command";"1st level Enchantment ";"1 action";"60 feet";"V";"1 round";"You speak a one-word command to a creature you can see within range. The target must succeed on a Wisdom saving throw or follow the command on its next turn. The spell has no effect if the target is undead, if it doesn't understand your language, or if your command is directly harmful to it.<br> Some typical commands and their effects follow.<br> You might issue a command other than one described here. If you do so, the DM determines how the target behaves. If the target can't follow your command, the spell ends.<br> <b>Approach</b>: The target moves toward you by the shortest and most direct route, ending its turn if it moves within 5 feet of you.<br> <b>Drop</b>: The target drops whatever it is holding and then ends its turn.<br> <b>Flee</b>: The target spends its turn moving away from you by the fastest available means.<br> <b>Grovel</b>: The target falls prone and then ends its turn.<br> <b>Halt</b>: The target doesn't move and takes no actions. A flying creature stays aloft, provided that it is able to do so. If it must move to stay aloft, it flies the minimum distance needed to remain in the air.<br> <b>At Higher Levels</b>: When you cast this spell using a spell slot of 2nd level or higher, you can affect one additional creature for each slot level above 1st. The creatures must be within 30 feet of each other when you target them. ";"Cleric (Order)"

"1";"Heroism";"1st level Enchantment ";"1 action";"Touch";"V, S";"Concentration, up to 1 minute";"A willing creature you touch is imbued with bravery. Until the spell ends, the creature is immune to being frightened and gains temporary hit points equal to your spellcasting ability modifier at the start of each of its turns. When the spell ends, the target loses any remaining temporary hit points from this spell.<br><br><b>At Higher Levels</b>: When you cast this spell using a spell slot of 2nd level or higher, you can target 1 additional creature for each slot level above 1st. ";"Cleric (Order)"
"1";"Heroism";"1st level Enchantment ";"1 action";"Touch";"V, S";"Concentration, up to 1 minute";"A willing creature you touch is imbued with bravery. Until the spell ends, the creature is immune to being frightened and gains temporary hit points equal to your spellcasting ability modifier at the start of each of its turns. When the spell ends, the target loses any remaining temporary hit points from this spell.<br><br><b>At Higher Levels</b>: When you cast this spell using a spell slot of 2nd level or higher, you can target 1 additional creature for each slot level above 1st. ";"Cleric (Peace)"
"1";"Sanctuary";"1st level Abjuration";"1 bonus action";"30 feet";"V, S, M";"1 minute";"(a small silver mirror)You ward a creature within range against attack. Until the spell ends, any creature who targets the warded creature with an attack or a harmful spell must first make a Wisdom saving throw. On a failed save, the creature must choose a new target or lose the attack or spell. This spell doesn't protect the warded creature from area effects, such as the explosion of a fireball.<br> If the warded creature makes an attack or casts a spell that affects an enemy creature, this spell ends. ";"Cleric (Peace)"
"1";"Faerie Fire";"1st level Evocation";"1 action";"60 feet";"V";"Concentration, up to 1 minute";"Each object in a 20-foot cube within range is outlined in blue, green, or violet light (your choice). Any creature in the area when the spell is cast is also outlined in light if it fails a Dexterity saving throw. For the duration, objects and affected creatures shed dim light in a 10-foot radius.<br> Any attack roll against an affected creature or object has advantage if the attacker can see it, and the affected creature or object can't benefit from being invisible. ";"Cleric (Twilight)"
"1";"Sleep";"1st level Enchantment ";"1 action";"90 feet";"V, S, M";"1 minute";"(A pinch of find sand, rose petals, or a cricket)This spell sends creatures into a magical slumber. Roll 5d8, the total is how many hit points of creatures this spell can affect. Creatures within 20 feet of a point you choose within range are affected in ascending order of their current hit points (ignoring unconscious creatures).<br> Starting with the creature that has the lowest current hit points, each creature affected by this spell falls unconscious until the spell ends, the sleeper takes damage, or someone uses an action to shake or slap the sleeper awake. Subtract each creature's hit points from the total before moving on to the creature with the next lowest hit points. A creature's hit points must be equal to or less than the remaining total for that creature to be affected.<br> Undead and creatures immune to being charmed aren't affected by this spell.<br><br><b>At Higher Levels</b>: When you cast this spell using a spell slot of 2nd level or higher, roll an additional 2d8 for each slot level above 1st. ";"Cleric (Twilight)"
"2";"Barkskin";"2nd level Transmutation";"1 action";"Touch";"V, S, M";"Concentration, up to 1 hour";"(a handful of oak bark)You touch a willing creature. Until the spell ends, the target's skin has a rough, bark-like appearance, and the target's AC can't be less than 16, regardless of what kind of armor it is wearing.";"Cleric (Nature)"
"2";"Gust of Wind";"2nd level Evocation";"1 action";"Self (60-foot line)";"V, S, M";"Concentration, up to 1 minute";"(a legume seed)A line of strong wind 60 feet long and 10 feet wide blasts from you in a direction you choose for the spell's duration. Each creature that starts its turn in the line must succeed on a Strength saving throw or be pushed 15 feet away from you in a direction following the line.<br> Any creature in the line must spend 2 feet of movement for every 1 foot it moves when moving closer to you.<br> The gust disperses gas or vapor, and it extinguishes candles, torches, and similar unprotected flames in the area. It causes protected flames, such as those of lanterns, to dance wildly and has a 50 percent chance to extinguish them.<br> As a bonus action on each of your turns before the spell ends, you can change the direction in which the line blasts from you. ";"Cleric (Tempest)"
"2";"Heat Metal";"2nd level Transmutation";"1 action";"60 feet";"V, S, M";"Concentration, up to 1 minute";"(a piece of iron and a flame)Choose a manufactured metal object, such as a metal weapon or a suit of heavy or medium metal armor, that you can see within range. You cause the object to glow red-hot. Any creature in physical contact with the object takes 2d8 fire damage when you cast the spell. Until the spell ends, you can use a bonus action on each of your subsequent turns to cause this damage again.<br> If a creature is holding or wearing the object and takes the damage from it, the creature must succeed on a Constitution saving throw or drop the object if it can. If it doesn't drop the object, it has disadvantage on attack rolls and ability checks until the start of your next turn.<br> <b>At Higher Levels</b>: When you cast this spell using a spell slot of 3rd level or higher, the damage increases by 1d8 for each slot above 2nd. ";"Cleric (Forge)"
"2";"Magic Weapon";"2nd level Transmutation";"1 bonus action";"Touch";"V, S";"Concentration, up to 1 hour";"You touch a nonmagical weapon. Until the spell ends, that weapon becomes a magic weapon with a +1 bonus to attack rolls and damage rolls.<br> <b>At Higher Levels</b>: When you cast this spell using a spell slot of 4th level or higher, the bonus increases to +2. When you use a spell slot of 6th level or higher, the bonus increases to +3. ";"Cleric (War)(Forge)(Arcana)"
"2";"Mirror Image";"2nd level Illusion";"1 action";"Self";"V, S";"1 minute";"Three illusory duplicates of yourself appear in your space. Until the spell ends, the duplicates move with you and mimic your actions, shifting position so it's impossible to track which image is real. You can use your action to dismiss the illusory duplicates.<br> Each time a creature targets you with an attack during the spell's duration, roll a d20 to determine whether the attack instead targets one of your duplicates.<br> If you have three duplicates, you must roll a 6 or higher to change the attack's target to a duplicate. With two duplicates, you must roll an 8 or higher. With one duplicate, you must roll an 11 or higher.<br> A duplicate's AC equals 10 + your Dexterity modifier. If an attack hits a duplicate, the duplicate is destroyed. A duplicate can be destroyed only by an attack that hits it. It ignores all other damage and effects. The spell ends when all three duplicates are destroyed.<br> A creature is unaffected by this spell if it can't see, if it relies on senses other than sight, such as blindsight, or if it can perceive illusions as false, as with truesight. ";"Cleric (Trickery)"
"2";"Nystul's Magic Aura";"2nd level Illusion";"1 action";"Touch";"V, S, M";"24 hours";"(a small square of silk)You place an illusion on a creature or an object you touch so that divination spells reveal false information about it. The target can be a willing creature or an object that isn't being carried or worn by another creature.<br> When you cast the spell, choose one or both of the following effects. The effect lasts for the duration. If you cast this spell on the same creature or object every day for 30 days, placing the same effect on it each time, the illusion lasts until it is dispelled.<br> <b>False Aura</b>: You change the way the target appears to spells and magical effects, such as <i>detect magic</i>, that detect magical auras. You can make a nonmagical object appear magical, a magical object appear nonmagical, or change the object's magical aura so that it appears to belong to a specific school of magic that you choose. When you use this effect on an object, you can make the false magic apparent to any creature that handles the item.<br> <b>Mask</b>: You change the way the target appears to spells and magical effects that detect creature types, such as a paladin's Divine Sense or the trigger of a <i>symbol</i> spell. You choose a creature type and other spells and magical effects treat the target as if it were a creature of that type or of that alignment. ";"Cleric (Arcana)"
"2";"Pass Without Trace";"2nd level Abjuration";"1 action";"Self";"V, S, M";"Concentration, up to 1 hour";"(ashes from a burned leaf of mistletoe and a sprig of spruce)A veil of shadows and silence radiates from you, masking you and your companions from detection. For the duration, each creature you choose within 30 feet of you (including you) has a +10 bonus to Dexterity (Stealth) checks and can't be tracked except by magical means. A creature that receives this bonus leaves behind no tracks or other traces of its passage.";"Cleric (Trickery)"
"2";"Ray of Enfeeblement";"2nd level Necromancy";"1 action";"60 feet";"V, S";"Concentration, up to 1 minute";"A black beam of enervating energy springs from your finger toward a creature within range. Make a ranged spell attack against the target. On a hit, the target deals only half damage with weapon attacks that use Strength until the spell ends.<br> At the end of each of the target's turns, it can make a Constitution saving throw against the spell. On a success, the spell ends. ";"Cleric (Death)(Grave)"
"2";"Shatter";"2nd level Evocation";"1 action";"60 feet";"V, S, M";"Instantaneous";"(a chip of mica)A sudden loud ringing noise, painfully intense, erupts from a point of your choice within range. Each creature in a 10-foot-radius sphere centered on that point must make a Constitution saving throw. A creature takes 3d8 thunder damage on a failed save, or half as much damage on a successful one. A creature made of inorganic material such as stone, crystal, or metal has disadvantage on this saving throw.<br> A nonmagical object that isn't being worn or carried also takes the damage if it's in the spell's area.<br> <b>At Higher Levels</b>: When you cast this spell using a spell slot of or higher, the damage increases by 1d8 for each slot level above 2nd. ";"Cleric (Tempest)"
"2";"Spike Growth";"2nd level Transmutation";"1 action";"150 feet";"V, S, M";"Concentration, up to 10 minutes";"(seven sharp thorns or seven small twigs, each sharpened to a point)The ground in a 20-foot radius centered on a point within range twists and sprouts hard spikes and thorns. The area becomes difficult terrain for the duration. When a creature moves into or within the area, it takes 2d4 piercing damage for every 5 feet it travels.<br> The transformation of the ground is camouflaged to look natural. Any creature that can't see the area at the time the spell is case must make a Wisdom (Perception) check against your spell save DC to recognize the terrain as hazardous before entering it. ";"Cleric (Nature)"
"2";"Suggestion";"2nd level Enchantment ";"1 action";"30 feet";"V, M";"Concentration, up to 8 hours";"(a snake's tongue and either a bit of honeycomb or a drop of sweet oil)You suggest a course of activity (limited to a sentence or two) and magically influence a creature you can see within range that can hear and understand you. Creatures that can't be charmed are immune to this effect. The suggestion must be worded in such a manner as to make the course of action sound reasonable. Asking the creature to stab itself, throw itself onto a spear, immolate itself, or do some other obviously harmful act ends the spell.<br> The target must make a Wisdom saving throw. On a failed save, it purses the course of action you described to the best of its ability. The suggested course of action can continue for the entire duration. If the suggested activity can be completed in a shorter time, the spell ends when the subject finishes what it was asked to do.<br> You can also specify conditions that will trigger a special activity during the duration. For example, you might suggest that a knight five her warhorse to the first beggar she meets. If the condition isn't met before the spell expires, the activity isn't performed.<br> If you or any of your companions damage the target, the spell ends. ";"Cleric (Knowledge)"
"2";"Hold Person";"2nd level Enchantment ";"1 action";"60 feet";"V, S, M";"Concentration, up to 1 minute";"(a small, straight piece of iron)Choose a humanoid that you can see within range. The target must succeed on a Wisdom saving throw or be paralyzed for the duration. At the end of each of its turns, the target can make another Wisdom saving throw. On a success, the spell ends on the target.<br> <b>At Higher Levels</b>: When you cast this spell using a spell slot of 3rd level or higher, you can target on additional humanoid for each slot level above 2nd. The humanoids must be within 30 feet of each other when you target them. ";"Cleric (Order)"
"2";"Zone of Truth";"2nd level Enchantment ";"1 action";"60 feet";"V, S";"10 minutes";"You create a magical zone that guards against deception in a 15-foot-radius sphere centered on a point of your choice within range. Until the spell ends, a creature that enters the spell's area for the first time on a turn or starts its turn there must make a Charisma saving throw. On a failed save, a creature can't speak a deliberate lie while in the radius. You know whether each creature succeeds or fails on its saving throw.<br> An affected creature is aware of the spell and can thus avoid answering questions to which it would normally respond with a lie. Such creatures can be evasive in its answers as long as it remains within the boundaries of the truth. ";"Cleric (Order)"
"2";"Aid";"2nd level Abjuration";"1 action";"30 feet";"V, S, M";"8 hours";"(a tiny strip of white cloth)Your spell bolsters your allies with toughness and resolve. Choose up to three creatures within range. Each target's hit point maximum and current hit points increase by 5 for the duration.<br> <b>At Higher Levels</b>: When you cast this spell using a spell slot of 3rd level or higher, a target's hit points increase by an additional 5 for each slot level above 2nd. ";"Cleric (Peace)"
"2";"Warding Bond";"2nd level Abjuration";"1 action";"Touch";"V, S, M";"1 hour";"(a pair of platinum rings worth at least 50 gp each, which you and target must wear for the duration)This spell wards a willing creature you touch and creates a mystic connection between you and the target until the spell ends. While the target is within 60 feet of you, it gains a +1 bonus to AC and saving throws, and it has resistance to all damage. Also, each time it takes damage, you take the same amount of damage.<br> The spell ends if you drop to 0 hit points or if you and the target become separated by more than 60 feet. It also ends if the spell is cast again on either of the connected creatures. You can also dismiss the spell as an action. ";"Cleric (Peace)"
"2";"Moonbeam";"2nd level Evocation";"1 action";"120 feet";"V, S, M";"Concentration, up to 1 minute";"(several seeds of any moonseed plant and a piece of opalescent feldspar)A silvery beam of pale light shines down in a 5-foot radius, 40-foot-high cylinder centered on a point within range. Until the spell ends, dim light fills the cylinder.<br> When a creature enters the spell's area for the first time on a turn or starts its turn there, it is engulfed in ghostly flames that cause searing pain, and it must make a Constitution saving throw. It takes 2d10 radiant damage on a failed save, or half as much damage on a successful one.<br> A shapechanger makes its saving throw with disadvantage. If it fails, it also instantly reverts to its original form and can't assume a different form until it leaves the spell's light.<br> On each of your turns after you cast this spell, you can use an action to move the beam 60 feet in any direction.<br> <b>At Higher Levels</b>: When you cast this spell using a spell slot of 3rd level or higher, the damage increases by 1d10 for each slot level above 2nd. ";"Cleric (Twilight)"
"2";"See Invisibility";"2nd level Divination";"1 action";"Self";"V, S, M";"1 hour";"(A pinch of Talc and a small sprinkling of powdered silver)For the duration, you see invisible creatures and objects as if they were visible, and you can see into the Ethereal Plane. Ethereal creatures and objects appear ghostly and translucent.";"Cleric (Twilight)"
"3";"Blink";"3rd level Transmutation";"1 action";"Self";"V, S";"1 minute";"Roll a d20 at the end of each of your turns for the duration of the spell. On a roll of 11 or higher, you vanish from your current plane of existence and appear in the Ethereal Plane (the spell fails and the casting is wasted if you were already on that plane). At the start of you next turn, and when the spell ends if you are on the Ethereal Plane, you return to an unoccupied space of your choice that you can see within 10 feet of the space you vanished from. If no unoccupied space is available within that range, you appear in the nearest unoccupied space (chosen at random if more than one space is equally near). You can dismiss this spell as an action.<br> While on the Ethereal Plane, you can see and hear the plane you originated from, which is cast in shades of gray, and you can't see anything more than 60 feet away. You can only affect and be affected by other creatures on the Ethereal Plane. Creature that aren't there can't perceive you or interact with you, unless they have the ability to do so. ";"Cleric (Trickery)"
"3";"Call Lightning";"3rd level Conjuration";"1 action";"120 feet";"V, S";"Concentration, up to 10 minutes";"A storm cloud appears in the shape of a cylinder that is 10 feet tall with a 60-foot radius, centered on a point you can see 100 feet directly above you. The spell fails if you can't see a point in the air where the storm cloud could appear (for example, if you are in a room that can't accommodate the cloud).<br> When you cast the spell, choose a point you can see within range. A bolt of lightning flashes down from the cloud to that point. Each creature within 5 feet of that point must make a Dexterity saving throw. A creature takes 3d10 lightning damage on a failed save, or half as much damage on a successful one. On each of your turns until the spell ends, you can use your action to call down lightning in this way again, targeting the same point or a different one.<br> If you are outdoors in stormy conditions when you cast this spell, the spell gives you control over the existing storm instead of creating a new one. Under such conditions, the spell's damage increases by 1d10.<br> <b>At Higher Levels</b>: When you cast this spell using a spell slot of 4th level or higher level, the damage increases by 1d10 for each slot level above 3rd. ";"Cleric (Tempest)"
"3";"Crusader's Mantle";"3rd level Evocation";"1 action";"Self";"V";"Concentration, up to 1 minute";"Holy power radiates from you in an aura with a 30-foot radius, awakening boldness in friendly creatures. Until the spell ends, the aura moves with you, centered on you. While in the aura, each non-hostile creature in the aura (including you) deals an extra 1d4 radiant damage when it hits with a weapon attack.";"Cleric (War)"
"3";"Nondetection";"3rd level Abjuration";"1 action";"Touch";"V, S, M";"8 hours";"(a pinch of diamond dust worth 25 gp sprinkled over the target, which the spell consumes)For the duration, you hide a target that you touch from divination magic. The target can be a willing creature or a place or an object no larger than 10 feet in any dimension. The target can't be targeted by any divination magic or perceived through magical scrying sensors.";"Cleric (Knowledge)"
"3";"Plant Growth";"3rd level Transmutation";"1 action or 8 hours";"150 feet";"V, S";"Instantaneous";"This spell channels vitality into plants within a specific area. There are two possible uses for the spell, granting either immediate or long-term benefits.<br> If you cast this spell using 1 action, choose a point within range. All normal plants in a 100-foot radius centered on that point become thick and overgrown. A creature moving through the area must spend 4 feet of movement for every 1 foot it moves.<br> You can exclude one or more areas of any size within the spell's area from being affected.<br> If you cast this spell over 8 hours, you enrich the land. All plants in a half-mile radius centered on a point within range become enriched for 1 year. The plants yield twice the normal amount of food when harvested. ";"Cleric (Nature)"
"3";"Sleet Storm";"3rd level Conjuration";"1 action";"150 feet";"V, S, M";"Concentration, up to 1 minute";"(a pinch of dust and a few drops of water)Until the spell ends, freezing rain and sleet fall in a 20-foot-tall cylinder with a 40-foot radius centered on a point you choose within range. The area is heavily obscured, and exposed flames in the area are doused.<br> The ground in the area is covered with slick ice, making it difficult terrain. When a creature enters the spell's area for the first time on a turn or starts its turn there, it must make a Dexterity saving throw. On a failed save, it falls prone.<br> If a creature is concentrating in the spell's area, the creature must make a successful Constitution saving throw against your spell save DC or lose concentration. ";"Cleric (Tempest)"
"3";"Vampiric Touch";"3rd level Necromancy";"1 action";"Self";"V, S";"Concentration, up to 1 minute";"The touch of your shadow-wreathed hand can siphon force from others to heal your wounds. Make a melee spell attack against a creature within your reach. On a hit, the target takes 3d6 necrotic damage, and you regain hit points equal to half the amount of necrotic damage dealt. Until the spell ends, you can make the attack again on each of your turns as an action.<br> <b>At Higher Levels</b>: When you cast this spell using a spell slot of 4th level or higher, the damage increases by 1d6 for each slot level above 3rd. ";"Cleric (Death)(Grave)"
"3";"Wind Wall";"3rd level Evocation";"1 action";"120 feet";"V, S, M";"Concentration, up to 1 minute";"(a tiny fan and a feather of exotic origin)A wall of strong wind rises from the ground at a point you choose within range. You can make the wall up to 50 feet long, 15 feet high, and 1 foot thick. You can shape the wall in any way you choose so long as it makes one continuous path along the ground. The wall lasts for the duration.<br> When the wall appears, each creature within its area must make a Strength saving throw. A creature takes 3d8 bludgeoning damage on a failed save, or half as much damage on a successful one.<br> The strong wind keeps fog, smoke, and other gases at bay. Small or smaller flying creatures or objects can't pass through the wall. Loose, lightweight materials brought into the wall fly upward. Arrows, bolts, and other ordinary projectiles launched at targets behind the wall are deflected upward and automatically miss. (Boulders hurled by giants or siege engines, and similar projectiles, are unaffected.) Creatures in gaseous form can't pass through it. ";"Cleric (Nature)"
"3";"Mass Healing Word";"3rd level Evocation";"1 bonus action";"60 feet";"V";"Instantaneous";"As you call out words of restoration, up to six creatures of your choice that you can see within range regain hit points equal to 1d4 + your spellcasting ability modifier. This spell has no effect on undead or constructs.<br> <b>At Higher Levels</b>: When you cast this spell using a spell slot of 4th level or higher, the healing increases by 1d4 for each slot level above 3rd. ";"Cleric (Order)"
"3";"Slow";"3rd level Transmutation";"1 action";"120 feet";"V, S, M";"Concentration, up to 1 minute";"(a drop of molasses)You alter time around up to six creatures of your choice in a 40-foot cube within range. Each target must succeed on a Wisdom saving throw or be affected by this spell for the duration.<br> An affected target's speed is halved, it takes a -2 penalty to AC and Dexterity saving throws, and it can't use reactions. On its turn, it can use either an action or a bonus action, not both. Regardless of the creature's abilities or magic items, it can't make more than one melee or ranged attack during its turn.<br> If the creature attempts to cast a spell with a casting time of 1 action, roll a d20. On an 11 or higher, the spell doesn't take effect until the creature's next turn, and the creature must use its action on that turn to complete the spell. If it can't, the spell is wasted.<br> A creature affected by this spell makes another Wisdom saving throw at the end of its turn. On a successful save, the effect ends for it. ";"Cleric (Order)"
"3";"Beacon of Hope";"3rd level Abjuration";"1 action";"30 feet";"V, S";"Concentration, up to 1 minute";"This spell bestows hope and vitality. Choose any number of creatures within range. For the duration, each target has advantage on Wisdom saving throws and death saving throws, and regains the maximum number of hit points possible from any healing.";"Cleric (Peace)"
"3";"Sending";"3rd level Evocation";"1 action";"Unlimited";"V, S, M";"1 round";"(A short piece of fine copper wire)You send a short message of twenty-five words or less to a creature with you are familiar. The creature hears the message in its mind, recognizes you as the sender if it knows you, and can answer in a like manner immediately. The spell enables creatures with Intelligence scores of at least 1 to understand the meaning of your message.<br> You can send the message across any distance and even to other planes of existence, but if the target is on a different plane than you, there is a 5 percent chance that the message doesn't arrive. ";"Cleric (Peace)"
"3";"Aura of Vitality";"3rd level Evocation";"1 action";"Self (30-foot radius)";"V";"Concentration, up to 1 minute";"Healing energy radiates from you in an aura with a 30-foot radius. Until the spell ends, the aura moves with you, centered on you. You can use a bonus action to cause one creature in the aura (including you) to regain 2d6 hit points.";"Cleric (Twilight)"
"3";"Leomund's Tiny Hut (Ritual)";"3rd level Evocation";"1 minute";"Self (10-foot-radius hemisphere)";"V, S, M";"8 hours";"(A small crystal bead)A 10-foot-radius immobile dome of force springs into existence around and above you and remains stationary for the duration. The spell ends if you leave its area.<br> 9 creatures of Medium size or smaller can fit inside the dome with you. The spell fails if its area includes a larger creature or more than 9 creatures. Creatures and objects within the dome when you cast this spell can move through it freely. All other creatures and objects are barred from passing through it. Spells and other magical effects can't extend through the dome or be cast through it. The atmosphere inside the space is comfortable and dry, regardless of the weather outside.<br> Until the spell ends, you can command the interior to become dimly lit or dark. The dome is opaque from the outside, of any color you choose, but it is transparent from the inside. ";"Cleric (Twilight)"
"4";"Arcane Eye";"4th level Divination";"1 action";"30 feet";"V, S, M";"Concentration, up to 1 hour";"(a bit of bat fur)You create an invisible, magical eye within range that hovers in the air for the duration.<br> You mentally receive visual information from the eye, which has normal vision and darkvision out to 30 feet. The eye can look in every direction.<br> As an action, you can move the eye up to 30 feet in any direction. There is no limit to how far away from you the eye can move, but it can't enter another plane of existence. A solid barrier blocks the eye's movement, but the eye can pass through an opening as small as 1 inch in diameter. ";"Cleric (Knowledge)(Arcana)"
"4";"Blight";"4th level Necromancy";"1 action";"30 feet";"V, S";"Instantaneous";"Necromantic energy washes over a creature of your choice that you can see within range, draining moisture and vitality from it. The target must make a Constitution saving throw. The target takes 8d8 necrotic damage on a failed save, or half as much damage on a successful one. This spell has no effect on undead or constructs.<br> If you target a plant creature or a magical plant, it makes the saving throw with disadvantage, and the spell deals maximum damage to it.<br> If you target a nonmagical plant that isn't a creature, such as a tree or shrub, it doesn't make a saving throw, it simply withers and dies.<br> <b>At Higher Levels</b>: When you cast this spell using a spell slot of 5th level or higher, the damage increases by 1d8 for each slot level above 4th. ";"Cleric (Death)(Grave)"
"4";"Confusion";"4th level Enchantment ";"1 action";"90 feet";"V, S, M";"Concentration, up to 1 minute";"(three nut shells)This spell assaults and twists creatures' minds, spawning delusions and provoking uncontrolled actions. Each creature in a 10-foot-radius sphere centered on a point you choose within range must succeed on a Wisdom saving throw when you cast this spell or be affected by it.<br> An affected target can't take reactions and must roll a d10 at the start of each of its turns to determine its behavior for that turn.<br> 1: The creature uses all its movement to move in a random direction. To determine the direction, roll a d8 and assign a direction to each die face. The creature doesn't take an action this turn.<br> 2-6: The creature doesn't move or take actions this turn.<br> 7-8: The creature uses its action to make a melee attack against a randomly determined creature within its reach. If there is no creature within its reach, the creature does nothing this turn.<br> 9-10: The creature can act and move normally. At the end of its turns, an affected target can make a Wisdom saving throw. If it succeeds, this effect ends for that target.<br> <b>At Higher Levels</b>: When you cast this spell using a spell slot of 5th level or higher, the radius of the sphere increases by 5 feet for each slot above 4th. ";"Cleric (Knowledge)"
"4";"Dimension Door";"4th level Conjuration";"1 action";"500 feet";"V";"Instantaneous";"You teleport yourself from your current location to any other spot within range. You arrive at exactly the spot desired. It can be a place you can see, one you can visualize, or one you can describe by stating distance and direction, such as 200 feet straight downward or upward to the northwest at a 45-degree angle, 300 feet.<br> You can bring along objects as long as their weight doesn't exceed what you can carry. You can also bring one willing creature of your size or smaller who is carrying gear up to its carrying capacity. The creature must be within 5 feet of you when you cast this spell.<br> If you would arrive in a place already occupied by an object or a creature, you and any creature traveling with you each take 4d6 force damage, and the spell fails to teleport you. ";"Cleric (Trickery)"
"4";"Dominate Beast";"4th level Enchantment ";"1 action";"60 feet";"V, S";"Concentration, up to 1 minute";"You attempt to beguile a beast that you can see within range. It must succeed on a Wisdom saving throw or be charmed by you for the duration. If you or creatures that are friendly to you are fighting it, it has advantage on the saving throw.<br> While the beast is charmed, you have a telepathic link with it as long as the two of you are on the same plane of existence. You can use this telepathic link to issue commands to the creature while you are conscious (no action required), which it does its best to obey. You can specify a simple and general course of action, such as Attack that creature, Run over there, or Fetch that object. If the creature completes the order and doesn't receive further direction from you, it defends and preserves itself to the best of its ability.<br> You can use your action to take total and precise control of the target. Until the end of your next turn, the creature takes only the actions you choose, and doesn't do anything that you don't allow it to do. During this time, you can also cause the creature to use a reaction, but this requires you to use your own reaction as well.<br> Each time the target takes damage, it makes a new Wisdom saving throw against the spell. If the saving throw succeeds, the spell ends.<br> <b>At Higher Levels</b>: When you cast this spell with a 5th-level spell slot, the duration is concentration, up to 10 minutes. When you use a 6th-level spell slot, the duration is concentration, up to 1 hour. When you use a spell slot of 7th level or higher, the duration is concentration, up to 8 hours. ";"Cleric (Nature)"
"4";"Grasping Vine";"4th level Conjuration";"1 bonus action";"30 feet";"V, S";"Concentration, up to 1 minute";"You conjure a vine that sprouts from the ground in an unoccupied space of your choice that you can see within range. When you cast this spell, you can direct the vine to lash out at a creature within 30 feet of it that you can see. That creature must succeed on a Dexterity saving throw or be pulled 20 feet directly toward the vine.<br> Until the spell ends, you can direct the vine to lash out at the same creature or another one as a bonus action on each of your turns. ";"Cleric (Nature)"
"4";"Ice Storm";"4th level Evocation";"1 action";"300 feet";"V, S, M";"Instantaneous";"(a pinch of dust and a few drops of water)A hail of rock-hard ice pounds to the ground in a 20-foot-radius, 40-foot-high cylinder centered on a point within range. Each creature in the cylinder must make a Dexterity saving throw. A creature takes 2d8 bludgeoning damage and 4d6 cold damage on a failed save, or half as much damage on a successful one.<br> Hailstones turn the storm's area of effect into difficult terrain until the end of your next turn.<br> <b>At Higher Levels</b>: When you cast this spell using a spell slot of 5th level or higher, the bludgeoning damage increases by 1d8 for each slot level above 4th. ";"Cleric (Tempest)"
"4";"Leomund's Secret Chest";"4th level Conjuration";"1 action";"Touch";"V, S, M";"Instantaneous";"(an exquisite chest, 3 feet by 2 feet by 2 feet, constructed from rare materials worth at least 5,000 gp, and a Tiny replica made from the same materials worth at least 50 gp)You hide a chest, and all its contents, on the Ethereal Plane. You must touch the chest and the miniature replica that serves as a material component for the spell. The chest can contain up to 12 cubic feet of nonliving material (3 feet by 2 feet by 2 feet).<br> While the chest remains on the Ethereal Plane, you can use an action and touch the replica to recall the chest. It appears in an unoccupied space on the ground within 5 feet of you. You can send the chest back to the Ethereal Plane by using an action and touching both the chest and the replica.<br> After 60 days, there is a cumulative 5 percent chance per day that the spell's effect ends. This effect ends if you cast this spell again, if the smaller replica chest is destroyed, or if you choose to end the spell as an action. If the spell ends and the larger chest is on the Ethereal Plane, it is irretrievably lost. ";"Cleric (Arcana)"
"4";"Polymorph";"4th level Transmutation";"1 action";"60 feet";"V, S, M";"Concentration, up to 1 hour";"(a caterpillar cocoon)This spell transforms a creature with at least 1 hit point that you can see within range into a new form. An unwilling creature must make a Wisdom saving throw to avoid the effect. A shapechanger automatically succeeds on this saving throw.<br> The transformation lasts for the duration, or until the target drops to 0 hit points or dies. The new form can be any beast whose challenge rating is equal to or less than the target's (or the target's level, if it doesn't have a challenge rating). The target's game statistics, including mental ability scores, are replaced by the statistics of the chosen beast. It retains its alignment and personality.<br> The target assumes the hit points of its new form. When it reverts to its normal form, the creature returns to the number of hit points it had before it transformed. If it reverts as a result of dropping to 0 hit points, any excess damage carries over to its normal form. As long as the excess damage doesn't reduce the creature's normal form to 0 hit points, it isn't knocked unconscious.<br> The creature is limited in the actions it can perform by the nature of its new form, and it can't speak, cast spells, or take any other action that requires hands or speech.<br> The target's gear melds into the new form. The creature can't activate, use, wield, or otherwise benefit from any of its equipment. ";"Cleric (Trickery)"
"4";"Stoneskin";"4th level Abjuration";"1 action";"Touch";"V, S, M";"Concentration, up to 1 hour";"(diamond dust worth 100 gp, which the spell consumes)This spell turns the flesh of a willing creature you touch as hard as stone. Until the spell ends, the target has resistance to nonmagical bludgeoning, piercing, and slashing damage.";"Cleric (War)"
"4";"Compulsion";"4th level Enchantment ";"1 action";"30 feet";"V, S";"Concentration, up to 1 minute";"Creatures of your choice that you can see within range and that can hear you must make a Wisdom saving throw. A target automatically succeeds on this saving throw if it can't be charmed. On a failed save, a target is affected by this spell. Until the spell ends, you can use a bonus action on each of your turns to designate a direction that is horizontal to you. Each affected target must use as much of its movement as possible to move in that direction on its next turn. It can take its action before it moves. After moving in this way, it can make another Wisdom saving throw to try to end the effect.<br> A target isn't compelled to move into an obviously deadly hazard, such as a fire pit, but it will provoke opportunity attacks to move in the designated direction. ";"Cleric (Order)"
"4";"Locate Creature";"4th level Divination";"1 action";"Self";"V, S, M";"Concentration, up to 1 hour";"(A bit of fur from a bloodhound)Describe or name a creature that is familiar to you. You sense the direction to the creature's location, as long as that creature is within 1,000 feet of you. If the creature is moving, you know the direction of its movement.<br> The spell can locate a specific creature known to you, or the nearest creature of a specific kind (such as a human or a unicorn), so long as you have seen such a creature up close - within 30 feet - at least once. If the creature you described or named is in a different form, such as being under the effects of a <i>polymorph</i> spell, this spell doesn't locate the creature.<br> This spell can't locate a creature if running water at least 10 feet wide blocks a direct path between you and the creature. ";"Cleric (Order)"
"4";"Aura of Purity";"4th level Abjuration";"1 action";"Self (30-foot radius)";"V";"Concentration, up to 10 minutes";"Purifying energy radiates from you in an aura with a 30-foot radius. Until the spell ends, the aura moves with you, centered on you. Each non-hostile creature in the aura (including you) can't become diseased, has resistance to poison damage, and has advantage on saving throws against effects that cause any of the following conditions: blinded, charmed, deafened, frightened, paralyzed, poisoned, and stunned.";"Cleric (Peace)"
"4";"Otiluke's Resilient Sphere";"4th level Evocation";"1 action";"30 feet";"V, S, M";"Concentration, up to 1 minute";"(a hemispherical piece of clear crystal and a matching hemispherical piece of gum arabic)A sphere of shimmering force encloses a creature or object of Large size or smaller within range. An unwilling creature must make a Dexterity saving throw. On a failed save, the creature is enclosed for the duration.<br> Nothing, not physical objects, energy, or other spell effects, can pass through the barrier, in or out, though a creature in the sphere can breathe there. The sphere is immune to all damage, and a creature or object inside can't be damaged by attacks or effects originating from outside, nor can a creature inside the sphere damage anything outside it.<br> The sphere is weightless and just large enough to contain the creature or object inside. An enclosed creature can use its action to push against the sphere's walls and thus roll the sphere at up to half the creature's speed. Similarly, the globe can be picked up and moved by other creatures. A <i>disintegrate</i> spell targeting the globe destroys it without harming anything inside it. ";"Cleric (Peace)"
"4";"Aura of Life";"4th level Abjuration";"1 action";"Self (30-foot radius)";"V";"Concentration, up to 10 minutes";"Life-preserving energy radiates from you in an aura with a 30-foot radius. Until the spell ends, the aura moves with you, centered on you. Each non-hostile creature in the aura (including you) has resistance to necrotic damage, and its hit point maximum can't be reduced. In addition, a non-hostile, living creature regains 1 hit point when it starts its turn in the aura with 0 hit points.";"Cleric (Twilight)"
"4";"Greater Invisibility";"4th level Illusion";"1 action";"Touch";"V, S";"Concentration, up to 1 minute";"You or a creature you touch becomes invisible until the spell ends. Anything the target is wearing or carrying is invisible as long as it is on the target's person.";"Cleric (Twilight)"
"5";"Antilife Shell";"5th level Abjuration";"1 action";"Self (10-foot radius)";"V, S";"Concentration, up to 1 hour";"A shimmering barrier extends out from you in a 10-foot radius and moves with you, remaining centered on you and hedging out creatures other than undead and constructs.<br> The barrier lasts for the duration. The barrier prevents an affected creature from passing or reaching through. An affected creature can cast spells or make attacks with ranged or reach weapons through the barrier.<br> If you move so that an affect creature is forced to pass through the barrier, the spell ends. ";"Cleric (Death)(Grave)"
"5";"Cloudkill";"5th level Conjuration";"1 action";"120 feet";"V, S";"Concentration, up to 10 minutes";"You create a 20-foot-radius sphere of poisonous, yellow-green fog centered on a point you choose within range. The fog spreads around corners. It lasts for the duration or until strong wind disperses the fog, ending the spell. Its area is heavily obscured.<br> When a creature enters the spell's area for the first time on a turn or starts its turn there, that creature must make a Constitution saving throw. The creature takes 5d8 poison damage on a failed save, or half as much damage on a successful one. Creatures are affected even if they hold their breath or don't need to breathe.<br> The fog moves 10 feet away from you at the start of each of your turns, rolling along the surface of the ground. The vapors, being heavier than air, sink to the lowest level of the land, even pouring down openings.<br> <b>At Higher Levels</b>: When you cast this spell using a spell slot of 6th level or higher, the damage increases by 1d8 for each slot level above 5th.";"Cleric (Death)"
"5";"Destructive Wave";"5th level Evocation";"1 action";"Self (30-foot radius)";"V";"Instantaneous";"You strike the ground, creating a burst of divine energy that ripples outward from you. Each creature you choose within 30 feet of you must succeed on a Constitution saving throw or take 5d6 thunder damage, as well as 5d6 radiant or necrotic damage (your choice), and be knocked prone. A creature that succeeds on its saving throw takes half as much damage and isn't knocked prone.";"Cleric (Tempest)"
"5";"Dominate Person";"5th level Enchantment ";"1 action";"60 feet";"V, S";"Concentration, up to 1 minute";"You attempt to beguile a humanoid that you can see within range. It must succeed on a Wisdom saving throw or be charmed by you for the duration. If you or creatures that are friendly to you are fighting it, it has advantage on the saving throw.<br> While the target is charmed, you have a telepathic link with it as long as the two of you are on the same plane of existence. You can use this telepathic link to issue commands to the creature while you are conscious (no action required), which it does its best to obey. You can specify a simple and general course of action, such as Attack that creature, Run over there, or Fetch that object. If the creature completes the order and doesn't receive further direction from you, it defends and preserves itself to the best of its ability.<br> You can use your action to take total and precise control of the target. Until the end of your next turn, the creature takes only the actions you choose, and doesn't do anything that you don't allow it to do. During this time you can also cause the creature to use a reaction, but this requires you to use your own reaction as well.<br> Each time the target takes damage, it makes a new Wisdom saving throw against the spell. If the saving throw succeeds, the spell ends.<br> <b>At Higher Levels</b>: When you cast this spell using a 6th-level spell slot, the duration is concentration, up to 10 minutes. When you use a 7th-level spell slot, the duration is concentration, up to 1 hour. When you use a spell slot of 8th level or higher, the duration is concentration, up to 8 hours. ";"Cleric (Trickery)"
"5";"Hold Monster";"5th level Enchantment ";"1 action";"90 feet";"V, S, M";"Concentration, up to 1 minute";"(a small, straight piece of iron)Choose a creature that you can see within range. The target must succeed on a Wisdom saving throw or be paralyzed for the duration. This spell has no effect on undead. At the end of each of its turns, the target can make another Wisdom saving throw. On a success, the spell ends on the target.<br> <b>At Higher Levels</b>: When you cast this spell using a spell slot of 6th level or higher, you can target on additional creature for each slot level above 5th. The creatures must be within 30 feet of each other when you target them. ";"Cleric (War)"
"5";"Modify Memory";"5th level Enchantment ";"1 action";"30 feet";"V, S";"Concentration, up to 1 minute";"You attempt to reshape another creature's memories. One creature that you can see must make a Wisdom saving throw. If you are fighting the creature, it has advantage on the saving throw. On a failed save, the target becomes charmed by you for the duration. The charmed target is incapacitated and unaware of its surroundings, though it can still hear you. If it takes any damage or is targeted by another spell, this spell ends, and none of the target's memories are modified.<br> While this charm lasts, you can affect the target's memory of an event that it experienced within the last 24 hours and that lasted no more than 10 minutes. You can permanently eliminate all memory of the event, allow the target to recall the event with perfect clarity and exacting detail, change its memory of the details of the event, or create a memory of some other event.<br> You must speak to the target to describe how its memories are affected, and it must be able to understand your language for the modified memories to take root. Its mind fills in any gaps in the details of your description. If the spell ends before you have finished describing the modified memories, the creature's memory isn't altered. Otherwise, the modified memories take hold when the spell ends.<br> A modified memory doesn't necessarily affect how a creature behaves, particularly if the memory contradicts the creature's natural inclinations, alignment, or beliefs. An illogical modified memory, such as implanting a memory of how much the creature enjoyed dousing itself in acid, is dismissed, perhaps as a bad dream. The DM might deem a modified memory too nonsensical to affect a creature in a significant manner.<br> A <i>remove curse</i> or <i>greater restoration</i> spell cast on the target restores the creature's true memory.<br> <b>At Higher Levels</b>: If you cast this spell using a spell slot of 6th level or higher, you can alter the target's memories of an event that took place up to 7 days ago (6th level), 30 days ago (7th level), 1 year ago (8th level), or any time in the creature's past (9th level). ";"Cleric (Trickery)"
"5";"Teleportation Circle";"5th level Conjuration";"1 minute";"10 feet";"V, M";"1 round";"(rare chalks and inks infused with precious gems with 50 gp, which the spell consumes)As you cast the spell, you draw a 10-foot-diameter circle on the ground inscribed with sigils that link your location to a permanent teleportation circle of your choice whose sigil sequence you know and that is on the same plane of existence as you. A shimmering portal opens within the circle you drew and remains open until the end of your next turn. Any creature that enters the portal instantly appears within 5 feet of the destination circle or in the nearest unoccupied space if that space is occupied.<br> Many major temples, guilds, and other important places have permanent teleportation circles inscribed somewhere within their confines. Each such circle includes a unique sigil sequence - a string of magical runes arranged in a particular pattern. When you first gain the ability to cast this spell, you learn the sigil sequences for two destinations on the Material Plane, determined by the DM. You can learn additional sigil sequences during your adventures. You can commit a new sigil sequence to memory after studying it for 1 minute.<br> You can create a permanent teleportation circle by casting this spell in the same location every day for one year. You need not use the circle to teleport when you cast the spell in this way. ";"Cleric (Arcana)"
"5";"Tree Stride";"5th level Conjuration";"1 action";"Self";"V, S";"Concentration, up to 1 minute";"You gain the ability to enter a tree and move from inside it to inside another tree of the same kind within 500 feet. Both trees must be living and at least the same size as you. You must use 5 feet of movement to enter a tree. You instantly know the location of all other trees of the same kind within 500 feet and, as part of the move used to enter the tree, can either pass into one of those trees or step out of the tree you're in. You appear in a spot of your choice within 5 feet of the destination tree, using another 5 feet of movement. If you have no movement left, you appear within 5 feet of the tree you entered.<br> You can use this transportation ability once per round for the duration. You must end each turn outside a tree. ";"Cleric (Nature)"
"5";"Commune (ritual)";"5th level Divination";"1 minute";"Self";"V, S, M";"1 minute";"(incense and a vial of holy or unholy water)You contact your deity or a divine proxy and ask up to three questions that can be answered with a yes or no. You must ask your questions before the spell ends. You receive a correct answer for each question.<br> Divine beings aren't necessarily omniscient, so you might receive unclear as an answer if a question pertains to information that lies beyond the deity's knowledge. In a case where a one-word answer could be misleading or contrary to the deity's interests, the DM might offer a short phrase as an answer instead.<br> If you cast the spell two or more times before finishing your next long rest, there is a cumulative 25 percent chance for each casting after the first that you get no answer. The DM makes this roll in secret. ";"Cleric (Order)"
"5";"Dominate Person";"5th level Enchantment ";"1 action";"60 feet";"V, S";"Concentration, up to 1 minute";"You attempt to beguile a humanoid that you can see within range. It must succeed on a Wisdom saving throw or be charmed by you for the duration. If you or creatures that are friendly to you are fighting it, it has advantage on the saving throw.<br> While the target is charmed, you have a telepathic link with it as long as the 2 of you are on the same plane of existence. You can use this telepathic link to issue commands to the creature while you are conscious (no action required), which it does its best to obey. You can specify a simple and general course of action, such as Attack that creature, Run over there, or Fetch that object. If the creature completes the order and doesn't receive further direction from you, it defends and preserves itself to the best of its ability.<br> You can use your action to take total and precise control of the target. Until the end of your next turn, the creature takes only the actions you choose, and doesn't do anything that you don't allow it to do. During this time you can also cause the creature to use a reaction, but this requires you to use your own reaction as well.<br> Each time the target takes damage, it makes a new Wisdom saving throw against the spell. If the saving throw succeeds, the spell ends.<br><br><b>At Higher Levels</b>: When you cast this spell using a 6th-level spell slot, the duration is concentration, up to 10 minutes. When you use a 7th-level spell slot, the duration is concentration, up to 1 hour. When you use a spell slot of 8th level or higher, the duration is concentration, up to 8 hours. ";"Cleric (Order)"
"5";"Greater Restoration";"5th level Abjuration";"1 action";"Touch";"V, S, M";"Instantaneous";"(diamond dust worth 100 gp, which the spell consumes)You imbue a creature you touch with positive energy to undo a debilitating effect. You can reduce the target's exhaustion level by one, or end one of the following effects on the target.<br>  One effect that charmed or petrified the target<br>  One curse, including the target's attunement to a cursed magic item<br>  Any reduction to one of the target's ability scores<br>  One effect reducing the target's hit point maximum ";"Cleric (Peace)"
"5";"Rary's Telepathic Bond (ritual)";"5th level Divination";"1 action";"30 feet";"V, S, M";"1 hour";"(pieces of eggshell from two different kinds of creatures)You forge a telepathic link among up to eight willing creatures of your choice within range, psychically linking each creature to all the others for the duration. Creatures with Intelligence scores of 2 or less aren't affected by this spell.<br> Until the spell ends, the targets can communicate telepathically through the bond whether or not they have a common language. The communication is possible over any distance, though it can't extend to other planes of existence. ";"Cleric (Peace)"
"5";"Circle of Power";"5th level Abjuration";"1 action";"Self (30-foot radius)";"V";"Concentration, up to 10 minutes";"Divine energy radiates from you, distorting and diffusing magical energy within 30 feet of you. Until the spell ends, the sphere moves with you, centered on you. For the duration, each friendly creature in the area (including you) has advantage on saving throws against spells and other magical effects. Additionally, when an affected creature succeeds on a saving throw made against a spell or magical effect that allows it to make a saving throw to take only half damage, it instead takes no damage if it succeeds on the saving throw.";"Cleric (Twilight)"
"5";"Mislead";"5th level Illusion";"1 action";"Self";"S";"Concentration, up to 1 hour";"You become invisible at the same time that an illusory double of you appears where you are standing. The double lasts for the duration, but the invisibility ends if you attack or cast a spell.<br> You can use your action to move your illusory double up to twice your speed and make it gesture, speak, and behave in whatever way you choose.<br> You can see through its eyes and hear through its ears as if you were located where it is. On each of your turns as a bonus action, you can switch from using its senses to using your own, or back again. While you are using its senses, you are blinded and deafened in regard to your own surroundings. ";"Cleric (Twilight)"
"3";"Spirit Shroud";"3rd-level necromancy";"1 bonus action";"Self";"V, S";"Concentration, up to 1 minute";"You call forth spirits of the dead, which lit around you for the spell's duration. The spirits are intangible and invulnerable.<br>Until the spell ends, any attack you make deals 1d8 extra damage when you hit a creature within 10 feet of you. This damage is radiant, necrotic, or cold (your choice when you cast the spell). Any creature that takes this damage can't regain hit points until the start of your next turn.<br>In addition, any creature of your choice that you can see that starts its turn within 10 feet of you has its speed reduced by 10 feet until the start of your next turn.<br><b>At Higher Levels</b>: When you cast this spell using a spell slot of 4th level or higher, the damage increases by 1d8 for every two slot levels above 3rd.";"Cleric (TCE)"
"3";"Aura of Vitality";"3rd level Evocation";"1 action";"Self (30-foot radius)";"V";"Concentration, up to 1 minute";"Healing energy radiates from you in an aura with a 30-foot radius. Until the spell ends, the aura moves with you, centered on you. You can use a bonus action to cause one creature in the aura (including you) to regain 2d6 hit points.";"Cleric (TCE)"
"4";"Aura of Life";"4th level Abjuration";"1 action";"Self (30-foot radius)";"V";"Concentration, up to 10 minutes";"Life-preserving energy radiates from you in an aura with a 30-foot radius. Until the spell ends, the aura moves with you, centered on you. Each non-hostile creature in the aura (including you) has resistance to necrotic damage, and its hit point maximum can't be reduced. In addition, a non-hostile, living creature regains 1 hit point when it starts its turn in the aura with 0 hit points.";"Cleric (TCE)"
"4";"Aura of Purity";"4th level Abjuration";"1 action";"Self (30-foot radius)";"V";"Concentration, up to 10 minutes";"Purifying energy radiates from you in an aura with a 30-foot radius. Until the spell ends, the aura moves with you, centered on you. Each non-hostile creature in the aura (including you) can't become diseased, has resistance to poison damage, and has advantage on saving throws against effects that cause any of the following conditions: blinded, charmed, deafened, frightened, paralyzed, poisoned, and stunned.";"Cleric (TCE)"
"5";"Summon Celestial";"5th-level conjuration";"1 action";"90 feet";"V, S, M";"Concentration, up to 1 hour";"(a golden reliquary worth at least 500 gp)You call forth a celestial spirit. It manifests in an angelic form in an unoccupied space that you can see within range. This corporeal form uses the Celestial Spirit stat block. When you cast the spell, choose Avenger or Defender. Your choice determines the creature's attack in its stat block. The creature disappears when it drops to 0 hit points or when the spell ends.<br>The creature is an ally to you and your companions. In combat, the creature shares your initiative count, but it takes its turn immediately after yours. It obeys your verbal commands (no action required by you). If you don't issue any, it takes the Dodge action and uses its move to avoid danger.<br><b>At Higher Levels</b>: When you cast this spell using a spell slot of 6th level or higher, use the higher level whenever the spell's level appears in the stat block.";"Cleric (TCE)"
"6";"Sunbeam";"6th level Evocation";"1 action";"Self (60-foot line)";"V, S, M";"Concentration, up to 1 minute";"(a magnifying glass)A beam of brilliant light flashes out from your hand in a 5-foot-wide, 60-foot-line. Each creature in the line must make a Constitution saving throw. On a failed save, a creature takes 6d8 radiant damage and is blinded until your next turn. On a successful save, it takes half as much damage and isn't blinded by this spell. Undead and oozes have disadvantage on this saving throw.<br> You can create a new line of radiance as your action on any turn until the spell ends.<br> For the duration, a mote of brilliant radiance shines in your hand. It sheds bright light in a 30-foot radius and dim light for an additional 30 feet. The light is sunlight. ";"Cleric (TCE)"
"8";"Sunburst";"8th level Evocation";"1 action";"150 feet";"V, S, M";"Instantaneous";"(fire and a piece of sunstone)Brilliant sunlight flashes in a 60-foot radius centered on a point you choose within range. Each creature in that light must make a Constitution saving throw. On a failed save, a creature takes 12d6 radiant damage and is blinded for 1 minute. On a successful save, it takes half as much damage and isn't blinded by this spell. Undead and oozes have disadvantage on this saving throw.<br> A creature blinded by this spell makes another Constitution saving throw at the end of each of its turns. On a successful save, it is no longer blinded.<br> This spell dispels any darkness in its area that was created by a spell. ";"Cleric (TCE)"
"9";"Power Word Heal";"9th level Evocation";"1 action";"Touch";"V, S";"Instantaneous";"A wave of healing energy washes over the creature you touch. The target regains all its hit points. If the creature is charmed, frightened, paralyzed, or stunned, the condition ends. If the creature is prone, it can use its reaction to stand up. This spell has no effect on undead or constructs.";"Cleric (TCE)"
